Startup Time,Password,ISO,Shutter Speed,Camera Mode,Resolution Width,Resolution Height,Image Rotation,Threshold,Sensitivity,Mold Open Capture Delay,Eject Fire Capture Delay,Server IP,Max Score
Thu Jul 28 09:08:54 2022,123,710,10000,auto,852,480,0,7500,2.5,0.05,0.2,192.168.0.159,7620
Thu Jul 28 09:09:53 2022,123,710,10000,auto,852,480,0,7500,2.5,0.05,0.2,192.168.0.159,7620
Thu Jul 28 09:10:49 2022,123,710,10000,auto,852,480,0,7500,2.5,0.05,0.2,192.168.0.159,7620
Thu Jul 28 09:21:41 2022,123,710,10000,auto,852,480,0,7500,2.5,0.05,0.2,192.168.0.159,7620
Thu Jul 28 09:32:25 2022,123,710,10000,auto,852,480,0,7500,2.5,0.05,0.2,192.168.0.159,7620
Thu Jul 28 09:48:32 2022,123,710,10000,auto,852,480,0,7500,2.5,0.05,0.2,192.168.0.159,7620
Thu Jul 28 09:49:29 2022,123,710,10000,auto,852,480,0,7500,2.5,0.05,0.2,192.168.0.159,7620
Thu Jul 28 09:57:48 2022,123,710,10000,auto,852,480,0,7500,2.5,0.05,0.2,192.168.0.159,10206
Thu Jul 28 09:59:11 2022,123,710,10000,auto,852,480,0,7500,3.0,0.05,0.2,192.168.0.159,10206
Thu Jul 28 10:00:22 2022,123,710,10000,auto,852,480,0,7500,2.75,0.05,0.2,192.168.0.159,10206
Thu Jul 28 10:00:48 2022,123,710,10000,auto,852,480,0,7500,2.75,0.05,0.2,192.168.0.159,10206
Thu Jul 28 10:01:03 2022,123,710,10000,auto,852,480,0,7500,4.0,0.05,0.2,192.168.0.159,10206
Thu Jul 28 10:02:32 2022,123,710,10000,auto,852,480,0,7500,2.5,0.05,0.2,192.168.0.159,10206
Thu Jul 28 10:21:22 2022,123,710,10000,auto,852,480,0,7500,2.5,0.05,0.2,192.168.0.159,10206
Thu Jul 28 10:25:59 2022,123,710,10000,auto,852,480,0,7500,2.5,0.05,0.2,192.168.0.159,4991
Thu Jul 28 10:32:54 2022,123,710,10000,auto,852,480,0,7500,2.5,0.05,0.2,192.168.0.159,4991
Thu Jul 28 10:33:16 2022,123,710,10000,auto,852,480,0,7500,2.5,0.05,0.2,192.168.0.159,4991
Thu Jul 28 10:34:23 2022,123,710,10000,auto,852,480,0,7500,2.5,0.05,0.2,192.168.0.159,4991
Thu Jul 28 10:35:05 2022,123,710,10000,auto,852,480,0,7500,2.5,0.05,0.2,192.168.0.159,4991
Thu Jul 28 10:36:25 2022,123,710,10000,auto,852,480,0,7500,2.5,0.05,0.2,192.168.0.159,4991
Thu Jul 28 10:37:57 2022,123,710,10000,auto,852,480,0,7500,2.5,0.05,0.2,192.168.0.159,4991
Thu Jul 28 10:38:22 2022,123,710,10000,auto,852,480,0,7500,2.5,0.05,0.2,192.168.0.159,4991
Thu Jul 28 10:43:22 2022,123,710,10000,auto,852,480,0,7500,2.5,0.05,0.2,192.168.0.159,4991
Thu Jul 28 10:43:45 2022,123,710,10000,auto,852,480,0,7500,2.5,0.05,0.2,192.168.0.159,4991
Thu Jul 28 10:46:26 2022,123,710,10000,auto,852,480,0,7500,2.5,0.05,0.2,192.168.0.159,4991
Thu Jul 28 10:48:46 2022,123,710,10000,auto,852,480,0,7500,2.5,0.05,0.2,192.168.0.159,4991
Thu Jul 28 10:50:00 2022,123,710,10000,auto,852,480,0,7500,2.5,0.05,0.2,192.168.0.159,4991
Thu Jul 28 10:50:14 2022,123,710,10000,auto,852,480,0,7500,2.5,0.05,0.2,192.168.0.159,4991
Thu Jul 28 10:51:08 2022,123,710,10000,auto,852,480,0,7500,2.5,0.05,0.2,192.168.0.159,4991
Thu Jul 28 10:51:26 2022,123,710,10000,auto,852,480,0,7500,2.5,0.05,0.2,192.168.0.159,4991
Thu Jul 28 10:51:47 2022,123,710,10000,auto,852,480,0,7500,2.5,0.05,0.2,192.168.0.159,4991
Thu Jul 28 10:52:28 2022,123,710,10000,auto,852,480,0,7500,2.5,0.05,0.2,192.168.0.159,4991
Thu Jul 28 10:58:26 2022,123,710,10000,auto,852,480,0,7500,2.5,0.05,0.2,192.168.0.159,4991
Thu Jul 28 10:59:39 2022,123,710,10000,auto,852,480,0,7500,2.5,0.05,0.2,192.168.0.159,4991
Thu Jul 28 10:59:58 2022,123,710,10000,auto,852,480,0,7500,2.5,0.05,0.2,192.168.0.159,4991
Thu Jul 28 11:00:28 2022,123,710,10000,auto,852,480,0,7500,2.5,0.05,0.2,192.168.0.159,4991
Thu Jul 28 11:01:15 2022,123,710,10000,auto,852,480,0,7500,2.5,0.05,0.2,192.168.0.159,4991
Thu Jul 28 11:01:58 2022,123,710,10000,auto,852,480,0,7500,2.5,0.05,0.2,192.168.0.159,4991
Thu Jul 28 11:02:17 2022,123,710,10000,auto,852,480,0,7500,2.5,0.05,0.2,192.168.0.159,4991
Thu Jul 28 11:03:22 2022,123,710,10000,auto,852,480,0,7500,2.5,0.05,0.2,192.168.0.159,4991
Thu Jul 28 11:03:40 2022,123,710,10000,auto,852,480,0,7500,2.5,0.05,0.2,192.168.0.159,4991
Thu Jul 28 11:04:03 2022,123,710,10000,auto,852,480,0,7500,2.5,0.05,0.2,192.168.0.159,4991
Thu Jul 28 11:04:19 2022,123,710,10000,auto,852,480,0,7500,2.5,0.05,0.2,192.168.0.159,4991
Thu Jul 28 11:04:34 2022,123,710,10000,auto,852,480,0,7500,2.5,0.05,0.2,192.168.0.159,4991
Thu Jul 28 11:04:54 2022,123,710,10000,auto,852,480,0,7500,2.5,0.05,0.2,192.168.0.159,4991
Thu Jul 28 11:05:07 2022,123,710,10000,auto,852,480,0,7500,2.5,0.05,0.2,192.168.0.159,4991
Thu Jul 28 11:38:24 2022,123,710,10000,auto,852,480,0,7500,2.5,0.05,0.2,192.168.0.159,4991
Thu Jul 28 11:58:14 2022,123,710,10000,auto,852,480,0,7500,2.5,0.05,0.2,192.168.0.159,4991
Thu Jul 28 13:33:53 2022,123,710,10000,auto,852,480,0,7500,2.5,0.05,0.2,192.168.0.159,4991
Thu Jul 28 13:35:11 2022,123,710,10000,auto,852,480,0,7500,2.5,0.05,0.2,192.168.0.159,4991
Thu Jul 28 13:47:01 2022,123,710,10000,auto,852,480,0,7500,2.5,0.05,0.2,192.168.0.159,4991
Thu Jul 28 15:26:59 2022,123,710,10000,auto,852,480,0,7500,2.5,0.05,0.2,192.168.0.159,4991
Thu Jul 28 15:27:48 2022,123,710,10000,auto,852,480,0,7500,2.5,0.05,0.2,192.168.0.159,4991
Thu Jul 28 15:28:30 2022,123,710,10000,auto,852,480,0,7500,2.5,0.05,0.2,192.168.0.159,4991
Thu Jul 28 15:28:59 2022,123,710,10000,auto,852,480,0,7500,5.0,0.05,0.2,192.168.0.159,4991
Thu Jul 28 15:47:09 2022,123,710,10000,auto,852,480,0,7500,5.0,0.05,0.2,192.168.0.159,4991
Thu Jul 28 15:50:57 2022,123,710,10000,auto,852,480,0,7500,5.0,0.05,0.2,192.168.0.159,4991
Fri Jul 29 08:35:29 2022,123,710,10000,auto,852,480,0,7500,5.0,0.05,0.2,192.168.0.159,4991
Fri Jul 29 08:39:27 2022,123,710,10000,auto,852,480,0,7500,5.0,0.05,0.2,192.168.0.159,4991
Fri Jul 29 08:40:10 2022,123,710,10000,auto,852,480,0,7500,5.0,0.05,0.2,192.168.0.159,4991
Fri Jul 29 08:42:12 2022,123,710,10000,auto,852,480,0,7500,5.0,0.05,0.2,192.168.0.159,4991
Fri Jul 29 08:48:54 2022,123,710,10000,auto,852,480,0,7500,5.0,0.05,0.2,192.168.0.159,4991
Fri Jul 29 09:05:50 2022,123,710,10000,auto,852,480,0,7500,5.0,0.05,0.2,192.168.0.159,4991
Fri Jul 29 09:06:49 2022,123,710,10000,auto,852,480,0,7500,5.0,0.05,0.2,192.168.0.159,4991
Fri Jul 29 09:15:06 2022,123,710,10000,auto,852,480,0,200,5.0,0.05,0.2,192.168.0.159,4991
Fri Jul 29 09:17:35 2022,123,710,10000,auto,852,480,0,200,5.0,0.05,0.2,192.168.0.159,4991
Fri Jul 29 09:25:52 2022,123,710,10000,auto,852,480,0,200,5.0,0.05,0.2,192.168.0.159,4991
Fri Jul 29 09:28:53 2022,123,710,10000,auto,852,480,0,200,5.0,0.05,0.2,192.168.0.159,4991
Fri Jul 29 09:35:55 2022,123,710,10000,auto,852,480,0,200,5.0,0.05,0.2,192.168.0.159,4991
Fri Jul 29 10:22:41 2022,123,710,10000,auto,852,480,0,200,5.0,0.05,0.2,192.168.0.159,4991
Fri Jul 29 10:23:52 2022,123,710,10000,auto,852,480,0,200,2.5,0.05,0.2,192.168.0.159,4991
Fri Jul 29 10:24:27 2022,123,710,10000,auto,852,480,0,200,2.5,0.05,0.2,192.168.0.159,4991
Fri Jul 29 11:58:00 2022,123,710,10000,auto,852,480,0,200,2.5,0.05,0.2,192.168.0.159,4991
Fri Jul 29 12:06:34 2022,123,710,10000,auto,852,480,0,200,2.5,0.05,0.2,192.168.0.159,4991
Fri Jul 29 12:07:07 2022,123,710,10000,auto,852,480,0,200,2.5,0.05,0.2,192.168.0.159,4991
Fri Jul 29 12:07:30 2022,123,710,10000,auto,852,480,0,200,2.5,0.05,0.2,192.168.0.159,4991
Fri Jul 29 12:54:06 2022,123,710,10000,auto,852,480,0,200,2.5,0.05,0.2,192.168.0.159,4991
Fri Jul 29 12:57:11 2022,123,710,10000,auto,852,480,0,200,2.5,0.05,0.2,192.168.0.159,4991
Fri Jul 29 13:03:29 2022,123,710,10000,auto,852,480,0,200,2.5,0.05,0.2,192.168.0.159,4991
Fri Jul 29 13:05:04 2022,123,710,10000,auto,852,480,0,200,2.5,0.05,0.2,192.168.0.159,4991
Fri Jul 29 13:05:32 2022,123,710,10000,auto,852,480,0,200,2.5,0.05,0.2,192.168.0.159,4991
Fri Jul 29 13:06:12 2022,123,710,10000,auto,852,480,0,200,2.5,0.05,0.2,192.168.0.159,4991
Fri Jul 29 13:07:18 2022,123,710,10000,auto,852,480,0,200,2.5,0.05,0.2,192.168.0.159,4991
Fri Jul 29 13:09:37 2022,123,710,10000,auto,852,480,0,200,2.5,0.05,0.2,192.168.0.159,4991
Fri Jul 29 13:10:03 2022,123,710,10000,auto,852,480,0,200,2.5,0.05,0.2,192.168.0.159,4991
Fri Jul 29 13:10:36 2022,123,710,10000,auto,852,480,0,200,2.5,0.05,0.2,192.168.0.159,4991
Fri Jul 29 13:11:04 2022,123,710,10000,auto,852,480,0,200,2.5,0.05,0.2,192.168.0.159,4991
Fri Jul 29 13:11:38 2022,123,710,10000,auto,852,480,0,200,2.5,0.05,0.2,192.168.0.159,4991
Fri Jul 29 13:12:57 2022,123,710,10000,auto,852,480,0,200,2.5,0.05,0.2,192.168.0.159,4991
Fri Jul 29 13:14:15 2022,123,710,10000,auto,852,480,0,200,2.5,0.05,0.2,192.168.0.159,4991
Fri Jul 29 13:14:30 2022,123,710,10000,auto,852,480,0,200,2.5,0.05,0.2,192.168.0.159,4991
Fri Jul 29 13:14:42 2022,123,710,10000,auto,852,480,0,200,2.5,0.05,0.2,192.168.0.159,4991
Fri Jul 29 13:16:10 2022,123,710,10000,auto,852,480,0,200,2.5,0.05,0.2,192.168.0.159,4991
Fri Jul 29 13:18:51 2022,123,710,10000,auto,852,480,0,200,2.5,0.05,0.2,192.168.0.159,4991
Fri Jul 29 13:19:25 2022,123,710,10000,auto,852,480,0,200,2.5,0.05,0.2,192.168.0.159,4991
Fri Jul 29 13:20:18 2022,123,710,10000,auto,852,480,0,200,2.5,0.05,0.2,192.168.0.159,4991
Fri Jul 29 13:20:58 2022,123,710,10000,auto,852,480,0,200,2.5,0.05,0.2,192.168.0.159,4991
Fri Jul 29 13:23:15 2022,123,710,10000,auto,852,480,0,200,2.5,0.05,0.2,192.168.0.159,4991
Fri Jul 29 13:25:01 2022,123,710,10000,auto,852,480,0,200,2.5,0.05,0.2,192.168.0.159,4991
Fri Jul 29 13:25:36 2022,123,710,10000,auto,852,480,0,200,2.5,0.05,0.2,192.168.0.159,4991
Fri Jul 29 13:26:54 2022,123,710,10000,auto,852,480,0,200,2.5,0.05,0.2,192.168.0.159,4991
Fri Jul 29 13:28:19 2022,123,710,10000,auto,852,480,0,200,2.5,0.05,0.2,192.168.0.159,4991
Fri Jul 29 13:29:20 2022,123,710,10000,auto,852,480,0,200,2.5,0.05,0.2,192.168.0.159,4991
Fri Jul 29 13:29:34 2022,123,710,10000,auto,852,480,0,200,2.5,0.05,0.2,192.168.0.159,4991
Fri Jul 29 13:30:35 2022,123,710,10000,auto,852,480,0,200,2.5,0.05,0.2,192.168.0.159,4991
Fri Jul 29 13:31:50 2022,123,710,10000,auto,852,480,0,200,2.5,0.05,0.2,192.168.0.159,4991
Fri Jul 29 13:33:12 2022,123,710,10000,auto,852,480,0,200,2.5,0.05,0.2,192.168.0.159,4991
Fri Jul 29 13:34:10 2022,123,710,10000,auto,852,480,0,200,2.5,0.05,0.2,192.168.0.159,4991
Fri Jul 29 13:34:59 2022,123,710,10000,auto,852,480,0,200,2.5,0.05,0.2,192.168.0.159,4991
Fri Jul 29 13:35:50 2022,123,710,10000,auto,852,480,0,200,2.5,0.05,0.2,192.168.0.159,4991
Fri Jul 29 13:36:28 2022,123,710,10000,auto,852,480,0,200,2.5,0.05,0.2,192.168.0.159,4991
Fri Jul 29 13:37:04 2022,123,710,10000,sports,852,480,0,200,2.5,0.05,0.2,192.168.0.159,4991
Fri Jul 29 13:39:20 2022,123,716,10000,sports,852,480,0,200,2.5,0.05,0.2,192.168.0.159,4991
Fri Jul 29 13:40:19 2022,123,716,10000,sports,852,480,0,200,2.5,0.05,0.2,192.168.0.159,4991
Fri Jul 29 13:42:36 2022,123,716,10000,sports,852,480,0,200,2.5,0.05,0.2,,4991
Fri Jul 29 13:42:51 2022,123,716,10000,sports,852,480,0,200,2.5,0.05,0.2,,4991
Fri Jul 29 13:43:48 2022,123,716,10000,sports,852,480,0,200,2.5,0.05,0.2,,4991
Fri Jul 29 13:44:34 2022,123,716,10000,sports,852,480,0,200,2.5,0.05,0.2,,4991
Fri Jul 29 13:45:21 2022,123,716,10000,sports,852,480,0,200,2.5,0.05,0.2,,4991
Fri Jul 29 13:46:20 2022,123,716,10000,sports,852,480,0,200,2.5,0.05,0.2,,4991
Fri Jul 29 13:46:42 2022,123,716,10000,sports,852,480,0,200,2.5,0.05,0.2,,4991
Fri Jul 29 13:47:16 2022,123,716,10000,sports,852,480,0,200,2.5,0.05,0.2,,4991
Fri Jul 29 13:48:06 2022,123,716,10000,sports,852,480,0,200,2.5,0.05,0.2,,4991
Fri Jul 29 13:48:49 2022,123,716,10000,sports,852,480,0,200,2.5,0.05,0.2,,4991
Fri Jul 29 13:50:20 2022,123,716,10000,sports,852,480,0,200,2.5,0.05,0.2,,4991
Fri Jul 29 13:50:56 2022,123,716,10000,sports,852,480,0,200,2.5,0.05,0.2,,4991
Fri Jul 29 13:51:52 2022,123,716,10000,sports,852,480,0,200,2.5,0.05,0.2,,4991
Fri Jul 29 13:52:41 2022,123,716,10000,sports,852,480,0,200,2.5,0.05,0.2,,4991
Fri Jul 29 13:53:41 2022,123,716,10000,sports,852,480,0,200,2.5,0.05,0.2,,4991
Fri Jul 29 13:54:22 2022,123,716,10000,sports,852,480,0,200,2.5,0.05,0.2,,4991
Fri Jul 29 13:57:23 2022,123,716,10000,sports,852,480,0,200,2.5,0.05,0.2,,10286
Fri Jul 29 13:59:24 2022,123,716,10000,sports,852,480,0,200,2.5,0.05,0.2,,10286
Fri Jul 29 14:01:16 2022,123,716,10000,sports,852,480,0,200,2.5,0.05,0.2,,10286
Fri Jul 29 14:02:40 2022,123,716,10000,sports,852,480,0,200,2.5,0.05,0.2,,10286
Fri Jul 29 14:03:30 2022,123,716,10000,sports,852,480,0,200,2.5,0.05,0.2,,10286
Fri Jul 29 14:04:09 2022,123,716,10000,sports,852,480,0,200,2.5,0.05,0.2,,10286
Fri Jul 29 14:04:38 2022,123,716,10000,sports,852,480,0,200,2.5,0.05,0.2,,10286
Fri Jul 29 14:06:40 2022,123,716,10000,sports,852,480,0,200,2.5,0.05,0.2,192.168.0.159,10286
Fri Jul 29 14:07:19 2022,123,716,10000,sports,852,480,0,200,2.5,0.05,0.2,192.168.0.159,10286
Fri Jul 29 14:07:38 2022,123,716,10000,sports,852,480,0,200,2.5,0.05,0.2,192.168.0.159,10286
Fri Jul 29 14:08:08 2022,123,716,10000,sports,852,480,0,200,2.5,0.05,0.2,192.168.0.159,10286
Fri Jul 29 14:08:28 2022,123,716,10000,sports,852,480,0,200,2.5,0.05,0.2,192.168.0.159,10286
Fri Jul 29 14:09:17 2022,123,716,10000,sports,852,480,0,200,2.5,0.05,0.2,192.168.0.159,10286
Fri Jul 29 14:10:08 2022,123,716,10000,sports,852,480,0,200,2.5,0.05,0.2,192.168.0.159,10286
Fri Jul 29 14:19:15 2022,123,716,10000,sports,852,480,0,200,2.5,0.05,0.2,192.168.0.159,10286
Fri Jul 29 14:23:27 2022,123,716,10000,sports,852,480,0,200,2.5,0.05,0.2,192.168.0.159,10286
Fri Jul 29 14:25:36 2022,123,716,10000,sports,852,480,0,200,2.5,0.05,0.2,192.168.0.159,10286
Fri Jul 29 14:26:55 2022,123,716,10000,sports,852,480,0,200,2.5,0.05,0.2,192.168.0.159,10286
Fri Jul 29 14:31:02 2022,123,716,10000,sports,852,480,0,200,2.5,0.05,0.2,192.168.0.159,10286
Fri Jul 29 14:33:12 2022,123,716,10000,sports,852,480,0,200,2.5,0.05,0.2,192.168.0.159,10286
Fri Jul 29 14:34:44 2022,123,716,10000,sports,852,480,0,200,2.5,0.05,0.2,192.168.0.159,10286
Fri Jul 29 14:37:53 2022,123,716,10000,sports,852,480,0,200,2.5,0.05,0.2,192.168.0.159,10286
Fri Jul 29 14:39:18 2022,123,716,10000,sports,852,480,0,200,2.5,0.05,0.2,192.168.0.159,10286
Fri Jul 29 15:23:31 2022,123,716,10000,sports,852,480,0,200,2.5,0.05,0.2,192.168.0.159,10286
Fri Jul 29 15:25:06 2022,123,716,10000,sports,852,480,0,200,2.5,0.05,0.2,192.168.0.159,10286
Fri Jul 29 15:26:33 2022,123,716,10000,sports,852,480,0,200,2.5,0.05,0.2,192.168.0.159,10286
Fri Jul 29 15:27:56 2022,123,716,10000,sports,852,480,0,200,2.5,0.05,0.2,192.168.0.159,6674
Fri Jul 29 15:29:01 2022,123,716,10000,sports,852,480,0,200,2.5,0.05,0.2,192.168.0.159,6674
Fri Jul 29 15:36:59 2022,123,716,10000,sports,852,480,0,200,2.5,0.05,0.2,192.168.0.159,6674
Fri Jul 29 15:37:22 2022,123,716,10000,sports,852,480,0,200,2.5,0.05,0.2,192.168.0.159,0
Fri Jul 29 15:38:03 2022,123,716,10000,sports,852,480,0,200,2.5,0.05,0.2,192.168.0.159,0
Fri Jul 29 15:39:11 2022,123,716,10000,sports,852,480,0,200,2.5,0.05,0.2,192.168.0.159,0
Fri Jul 29 15:46:48 2022,123,716,10000,sports,852,480,0,200,2.5,0.05,0.2,192.168.0.159,0
Mon Aug  1 09:03:15 2022,123,716,10000,sports,852,480,0,200,2.5,0.05,0.2,192.168.0.159,0
Mon Aug  1 09:09:13 2022,123,716,10000,sports,852,480,0,200,2.5,0.05,0.2,192.168.0.159,0
Mon Aug  1 10:01:38 2022,123,716,10000,sports,852,480,0,200,2.5,0.05,0.2,192.168.0.159,0
Mon Aug  1 10:02:03 2022,123,716,10000,sports,852,480,0,200,2.5,0.05,0.2,192.168.0.159,0
Mon Aug  1 10:05:01 2022,123,716,10000,sports,852,480,0,200,2.5,0.05,0.2,192.168.0.159,0
Mon Aug  1 10:05:55 2022,123,716,10000,sports,852,480,0,200,2.5,0.05,0.2,192.168.0.159,0
Mon Aug  1 10:07:03 2022,123,716,10000,sports,852,480,0,200,2.5,0.05,0.2,192.168.0.159,0
Mon Aug  1 10:10:44 2022,123,716,10000,sports,852,480,0,200,2.5,0.05,0.2,192.168.0.159,0
Mon Aug  1 10:11:19 2022,123,716,10000,sports,852,480,0,200,2.5,0.05,0.2,192.168.0.159,0
Mon Aug  1 10:11:56 2022,123,716,10000,sports,852,480,0,200,2.5,0.05,0.2,192.168.0.159,0
Mon Aug  1 10:14:44 2022,123,716,10000,sports,852,480,0,200,2.5,0.05,0.2,192.168.0.159,0
Mon Aug  1 10:16:20 2022,123,716,10000,sports,852,480,0,200,2.5,0.05,0.2,192.168.0.159,0
Mon Aug  1 10:17:31 2022,123,716,10000,sports,852,480,0,200,2.5,0.05,0.2,192.168.0.159,0
Mon Aug  1 10:18:15 2022,123,716,10000,sports,852,480,0,200,2.5,0.05,0.2,192.168.0.159,0
Mon Aug  1 10:20:57 2022,123,716,10000,sports,852,480,0,200,2.5,0.05,0.2,192.168.0.159,0
Mon Aug  1 10:21:25 2022,123,716,10000,sports,852,480,0,200,2.5,0.05,0.2,192.168.0.159,0
Mon Aug  1 10:22:03 2022,123,716,10000,sports,852,480,0,200,2.5,0.05,0.2,192.168.0.159,0
Mon Aug  1 10:22:38 2022,123,716,10000,sports,852,480,0,200,2.5,0.05,0.2,192.168.0.159,0
Mon Aug  1 10:23:42 2022,123,716,10000,sports,852,480,0,200,2.5,0.05,0.2,192.168.0.159,0
Mon Aug  1 10:29:06 2022,123,716,10000,sports,852,480,0,200,2.5,0.05,0.2,192.168.0.159,0
Mon Aug  1 10:31:19 2022,123,716,10000,sports,852,480,0,200,2.5,0.05,0.2,192.168.0.159,0
Mon Aug  1 10:40:54 2022,123,716,10000,sports,852,480,0,200,2.5,0.05,0.2,192.168.0.159,0
Mon Aug  1 10:43:10 2022,123,716,10000,sports,852,480,0,200,2.5,0.05,0.2,192.168.0.159,8219
Mon Aug  1 10:46:49 2022,123,716,10000,sports,852,480,0,200,2.5,0.05,0.2,192.168.0.159,8219
Mon Aug  1 10:48:24 2022,123,716,10000,sports,852,480,0,200,2.5,0.05,0.2,192.168.0.159,8219
Mon Aug  1 10:49:40 2022,123,716,10000,sports,852,480,0,200,2.5,0.05,0.2,192.168.0.159,8219
Mon Aug  1 10:52:06 2022,123,716,10000,sports,852,480,0,200,2.5,0.05,0.2,192.168.0.159,8219
Mon Aug  1 10:56:37 2022,123,716,10000,sports,852,480,0,200,2.5,0.05,0.2,192.168.0.159,8219
Mon Aug  1 10:56:55 2022,123,716,10000,sports,852,480,0,200,2.5,0.05,0.2,192.168.0.159,8219
Mon Aug  1 11:29:55 2022,123,716,10000,sports,852,480,0,200,2.5,0.05,0.2,192.168.0.159,8219
Mon Aug  1 11:31:08 2022,123,716,10000,sports,852,480,0,200,2.5,0.05,0.2,192.168.0.159,8219
Mon Aug  1 11:32:14 2022,123,716,10000,sports,852,480,0,200,2.5,0.05,0.2,192.168.0.159,8219
Mon Aug  1 11:32:44 2022,123,716,10000,sports,852,480,0,200,2.5,0.05,0.2,192.168.0.159,8219
Mon Aug  1 11:36:35 2022,123,716,10000,sports,852,480,0,200,2.5,0.05,0.2,192.168.0.159,8219
Mon Aug  1 11:38:20 2022,123,716,10000,sports,852,480,0,200,2.5,0.05,0.2,192.168.0.159,8219
Mon Aug  1 11:38:23 2022,123,716,10000,sports,852,480,0,200,2.5,0.05,0.2,192.168.0.159,8219
Mon Aug  1 11:41:03 2022,123,716,10000,sports,852,480,0,200,2.5,0.05,0.2,192.168.0.159,8219
Mon Aug  1 11:41:38 2022,123,716,10000,sports,852,480,0,200,2.5,0.05,0.2,192.168.0.159,8219
Mon Aug  1 11:42:36 2022,123,716,10000,sports,852,480,0,200,2.5,0.05,0.2,192.168.0.159,8219
Mon Aug  1 11:44:35 2022,123,716,10000,sports,852,480,0,200,2.5,0.05,0.2,192.168.0.159,8219
Mon Aug  1 11:47:59 2022,123,716,10000,sports,852,480,0,200,2.5,0.05,0.2,192.168.0.159,8219
Mon Aug  1 11:53:03 2022,123,716,10000,sports,852,480,0,200,2.5,0.05,0.2,192.168.0.159,8219
Mon Aug  1 11:57:32 2022,123,716,10000,sports,852,480,0,200,2.5,0.05,0.2,192.168.0.159,8219
Mon Aug  1 13:11:44 2022,123,716,10000,sports,852,480,0,200,2.5,0.05,0.2,192.168.0.159,8219
Mon Aug  1 13:12:34 2022,123,716,10000,sports,852,480,180,200,2.5,0.05,0.2,192.168.0.159,8219
Mon Aug  1 13:13:30 2022,123,716,10000,sports,852,480,180,200,2.5,0.05,0.2,192.168.0.159,8219
Mon Aug  1 13:13:54 2022,123,716,10000,sports,852,480,0,200,2.5,0.05,0.2,192.168.0.159,8219
Mon Aug  1 13:16:23 2022,123,716,10000,sports,852,480,0,200,2.5,0.05,0.2,192.168.0.159,8219
Mon Aug  1 13:17:38 2022,123,716,10000,sports,852,480,0,200,2.5,0.05,0.2,192.168.0.159,8219
Mon Aug  1 13:18:07 2022,123,716,10000,sports,852,480,0,200,5.0,0.05,0.2,192.168.0.159,8219
Mon Aug  1 13:19:01 2022,123,716,10000,sports,852,480,0,200,5.0,0.05,0.2,192.168.0.159,8219
Mon Aug  1 13:20:32 2022,123,716,10000,sports,852,480,0,100,5.0,0.05,0.2,192.168.0.159,8219
Mon Aug  1 13:21:43 2022,123,716,10000,sports,852,480,0,100,3.5,0.05,0.2,192.168.0.159,8219
Mon Aug  1 13:22:11 2022,123,716,10000,sports,852,480,0,100,4.0,0.05,0.2,192.168.0.159,8219
Mon Aug  1 13:23:37 2022,123,716,10000,sports,852,480,0,100,4.0,0.05,0.2,192.168.0.159,8219
Mon Aug  1 13:25:24 2022,123,716,10000,sports,852,480,0,100,4.0,0.05,0.2,192.168.0.159,8219
Mon Aug  1 13:26:08 2022,123,716,10000,sports,852,480,0,100,4.0,0.05,0.2,192.168.0.159,8219
Mon Aug  1 13:32:26 2022,123,716,10000,sports,852,480,0,100,4.0,0.05,0.2,192.168.0.159,28320
Mon Aug  1 15:17:41 2022,123,716,10000,sports,852,480,0,100,4.0,0.05,0.2,192.168.0.159,28320
Mon Aug  1 15:28:16 2022,123,716,10000,sports,852,480,0,100,4.0,0.05,0.2,192.168.0.159,28320
Mon Aug  1 15:28:32 2022,123,716,10000,sports,852,480,0,100,4.0,0.05,0.2,192.168.0.159,28320
Mon Aug  1 15:33:00 2022,123,716,10000,sports,852,480,0,100,4.0,0.05,0.2,192.168.0.159,28320
Mon Aug  1 15:34:32 2022,123,716,10000,sports,852,480,0,100,4.0,0.05,0.2,192.168.0.159,28320
Mon Aug  1 15:35:11 2022,123,716,10000,sports,852,480,0,100,4.0,0.05,0.2,192.168.0.159,28320
Mon Aug  1 15:35:33 2022,123,716,10000,sports,852,480,0,100,4.0,0.05,0.2,192.168.0.159,28320
Mon Aug  1 15:47:54 2022,123,716,10000,sports,852,480,0,100,4.0,0.05,0.2,192.168.0.159,28320
Mon Aug  1 15:51:52 2022,123,716,10000,sports,852,480,0,100,4.0,0.05,0.2,192.168.0.159,28320
Mon Aug  1 15:54:11 2022,123,716,10000,sports,852,480,0,100,4.0,0.05,0.2,192.168.0.159,28320
Mon Aug  1 15:57:55 2022,123,716,10000,sports,852,480,0,100,4.0,0.05,0.2,192.168.0.159,28320
Mon Aug  1 15:58:19 2022,123,716,10000,sports,852,480,0,100,4.0,0.05,0.2,192.168.0.159,28320
Tue Aug  2 08:18:01 2022,123,716,10000,sports,852,480,0,100,4.0,0.05,0.2,192.168.0.159,28320
Tue Aug  2 08:18:42 2022,123,716,10000,sports,852,480,0,100,4.0,0.05,0.2,192.168.0.159,28320
Tue Aug  2 08:23:26 2022,123,716,10000,sports,852,480,0,100,4.0,0.05,0.2,192.168.0.159,28320
Tue Aug  2 09:55:00 2022,123,716,10000,sports,852,480,0,100,4.0,0.05,0.2,192.168.0.159,28320
Tue Aug  2 09:57:55 2022,123,716,10000,sports,852,480,0,100,4.0,0.05,0.2,192.168.0.159,28320
Tue Aug  2 09:58:43 2022,123,716,10000,sports,852,480,0,100,4.0,0.05,0.2,192.168.0.159,28320
Tue Aug  2 09:58:48 2022,123,716,10000,sports,852,480,0,100,4.0,0.05,0.2,192.168.0.159,28320
Tue Aug  2 10:15:59 2022,123,716,10000,sports,852,480,0,100,4.0,0.05,0.2,192.168.0.159,28320
Tue Aug  2 10:19:45 2022,123,716,10000,sports,852,480,0,100,4.0,0.05,0.2,192.168.0.159,28320
Tue Aug  2 10:25:14 2022,123,716,10000,sports,852,480,0,100,4.0,0.05,0.2,192.168.0.159,28320
Tue Aug  2 10:30:47 2022,123,716,10000,sports,852,480,0,100,4.0,0.05,0.2,192.168.0.159,28320
Tue Aug  2 10:32:42 2022,123,716,10000,sports,852,480,0,100,4.0,0.05,0.2,192.168.0.159,28320
Tue Aug  2 10:38:11 2022,123,716,10000,sports,852,480,0,100,4.0,0.05,0.2,192.168.0.159,28320
Tue Aug  2 10:40:06 2022,123,716,10000,sports,852,480,0,100,3.5,0.05,0.2,192.168.0.159,28320
Tue Aug  2 10:42:56 2022,123,716,10000,sports,852,480,0,100,3.5,0.05,0.2,192.168.0.159,28320
Tue Aug  2 10:43:00 2022,123,716,10000,sports,852,480,0,100,3.5,0.05,0.2,192.168.0.159,28320
Tue Aug  2 10:49:39 2022,123,716,10000,sports,852,480,0,100,3.5,0.05,0.2,192.168.0.159,28320
Tue Aug  2 10:49:59 2022,123,716,10000,sports,852,480,0,100,3.5,0.05,0.2,192.168.0.159,28320
Tue Aug  2 10:51:04 2022,123,716,10000,sports,852,480,0,100,3.5,0.05,0.2,192.168.0.159,28320
Tue Aug  2 10:52:24 2022,123,716,10000,sports,852,480,0,100,3.5,0.05,0.2,192.168.0.159,28320
Tue Aug  2 10:53:25 2022,123,716,10000,sports,852,480,0,100,3.5,0.05,0.2,192.168.0.159,28320
Tue Aug  2 10:55:54 2022,123,716,10000,sports,852,480,0,100,3.5,0.05,0.2,192.168.0.159,28320
Tue Aug  2 10:59:29 2022,123,716,10000,sports,852,480,0,100,3.5,0.05,0.2,192.168.0.159,28320
Tue Aug  2 11:01:20 2022,123,716,10000,sports,852,480,0,100,3.5,0.05,0.2,192.168.0.159,28320
Tue Aug  2 11:04:42 2022,123,716,10000,sports,852,480,0,100,3.5,0.05,0.2,192.168.0.159,28320
Tue Aug  2 11:06:54 2022,123,716,10000,sports,852,480,0,100,3.5,0.05,0.2,192.168.0.159,28320
Tue Aug  2 11:08:54 2022,123,716,10000,sports,852,480,0,100,3.5,0.05,0.2,192.168.0.159,28320
Tue Aug  2 11:14:23 2022,123,716,10000,sports,852,480,0,100,3.5,0.05,0.2,192.168.0.159,28320
Tue Aug  2 11:16:24 2022,123,716,10000,sports,852,480,0,100,3.5,0.05,0.2,192.168.0.159,28320
Tue Aug  2 11:17:07 2022,123,716,10000,sports,852,480,0,100,3.5,0.05,0.2,192.168.0.159,28320
Tue Aug  2 11:17:27 2022,123,716,10000,sports,852,480,0,100,3.5,0.05,0.2,192.168.0.159,28320
Tue Aug  2 11:17:42 2022,123,716,10000,sports,852,480,0,100,3.5,0.05,0.2,192.168.0.159,28320
Tue Aug  2 11:17:59 2022,123,716,10000,sports,852,480,0,100,3.5,0.05,0.2,192.168.0.159,28320
Tue Aug  2 11:18:22 2022,123,716,10000,sports,852,480,0,100,3.5,0.05,0.2,192.168.0.159,28320
Tue Aug  2 11:18:44 2022,123,716,10000,sports,852,480,0,100,3.5,0.05,0.2,192.168.0.159,28320
Tue Aug  2 11:19:14 2022,123,716,10000,sports,852,480,0,100,3.5,0.05,0.2,192.168.0.159,28320
Tue Aug  2 11:19:30 2022,123,716,10000,sports,852,480,0,100,3.5,0.05,0.2,192.168.0.159,28320
Tue Aug  2 11:19:41 2022,123,716,10000,sports,852,480,0,100,3.5,0.05,0.2,192.168.0.159,28320
Tue Aug  2 11:20:02 2022,123,716,10000,sports,852,480,0,100,3.5,0.05,0.2,192.168.0.159,28320
Tue Aug  2 11:20:21 2022,123,716,10000,sports,852,480,0,100,3.5,0.05,0.2,192.168.0.159,28320
Tue Aug  2 11:20:37 2022,123,716,10000,sports,852,480,0,100,3.5,0.05,0.2,192.168.0.159,28320
Tue Aug  2 11:20:55 2022,123,716,10000,sports,852,480,0,100,3.5,0.05,0.2,192.168.0.159,28320
Tue Aug  2 11:21:07 2022,123,716,10000,sports,852,480,0,100,3.5,0.05,0.2,192.168.0.159,28320
Tue Aug  2 11:21:15 2022,123,716,10000,sports,852,480,0,100,3.5,0.05,0.2,192.168.0.159,28320
Tue Aug  2 11:26:23 2022,123,716,10000,sports,852,480,0,100,3.5,0.05,0.2,192.168.0.159,28320
Tue Aug  2 11:26:55 2022,123,716,10000,sports,852,480,0,100,3.5,0.05,0.2,192.168.0.159,28320
Tue Aug  2 11:39:07 2022,123,716,10000,sports,852,480,0,100,3.5,0.05,0.2,192.168.0.159,28320
Tue Aug  2 11:42:48 2022,123,716,10000,sports,852,480,0,100,3.5,0.05,0.2,192.168.0.159,28320
Tue Aug  2 11:43:41 2022,123,716,10000,sports,852,480,0,100,3.5,0.05,0.2,192.168.0.159,28320
Tue Aug  2 11:44:47 2022,123,716,10000,sports,852,480,0,100,3.5,0.05,0.2,192.168.0.159,28320
Tue Aug  2 11:45:39 2022,123,716,10000,sports,852,480,0,100,3.5,0.05,0.2,192.168.0.159,28320
Tue Aug  2 11:46:29 2022,123,716,10000,sports,852,480,0,100,3.5,0.05,0.2,192.168.0.159,28320
Tue Aug  2 11:48:17 2022,123,716,10000,sports,852,480,0,100,3.5,0.05,0.2,192.168.0.159,28320
Tue Aug  2 11:53:11 2022,123,716,10000,sports,852,480,0,100,3.5,0.05,0.2,192.168.0.159,28320
Tue Aug  2 11:54:06 2022,123,716,10000,sports,852,480,0,100,3.5,0.05,0.2,192.168.0.159,28320
Tue Aug  2 11:54:51 2022,123,716,10000,sports,852,480,0,100,3.5,0.05,0.2,192.168.0.159,28320
Tue Aug  2 14:34:29 2022,123,716,10000,sports,852,480,0,100,3.5,0.05,0.2,192.168.0.159,28320
Tue Aug  2 15:47:56 2022,123,716,10000,sports,852,480,0,100,3.5,0.05,0.2,192.168.0.159,28320
Wed Aug  3 09:02:06 2022,123,716,10000,sports,852,480,0,100,3.5,0.05,0.2,192.168.0.159,28320
Wed Aug  3 09:03:52 2022,123,716,10000,sports,852,480,0,100,3.5,0.05,0.2,192.168.0.159,28320
Wed Aug  3 09:04:18 2022,123,716,10000,sports,852,480,0,100,3.5,0.05,0.2,192.168.0.159,28320
Wed Aug  3 09:05:51 2022,123,716,10000,sports,852,480,0,100,3.5,0.05,0.2,192.168.0.159,28320
Wed Aug  3 09:22:36 2022,123,716,10000,sports,852,480,0,100,3.5,0.05,0.2,192.168.0.159,28320
Wed Aug  3 09:23:27 2022,123,716,10000,sports,852,480,0,100,3.5,0.05,0.2,192.168.0.159,28320
Wed Aug  3 09:31:23 2022,123,716,10000,sports,852,480,0,100,3.5,0.05,0.2,192.168.0.159,28320
Wed Aug  3 09:32:42 2022,123,716,10000,sports,852,480,0,100,3.5,0.05,0.2,192.168.0.159,28320
Wed Aug  3 09:32:58 2022,123,716,10000,sports,852,480,0,100,3.5,0.05,0.2,192.168.0.159,28320
Wed Aug  3 09:35:07 2022,123,716,10000,sports,852,480,0,100,3.5,0.05,0.2,192.168.0.159,28320
Wed Aug  3 09:36:23 2022,123,716,10000,sports,852,480,0,100,3.5,0.05,0.2,192.168.0.159,28320
Wed Aug  3 09:37:28 2022,123,716,10000,sports,852,480,0,100,3.5,0.05,0.2,192.168.0.159,28320
Wed Aug  3 09:38:04 2022,123,716,10000,sports,852,480,0,100,3.5,0.05,0.2,192.168.0.159,28320
Wed Aug  3 09:44:01 2022,123,716,10000,sports,852,480,0,100,3.5,0.05,0.2,192.168.0.159,28320
Wed Aug  3 09:45:44 2022,123,716,10000,sports,852,480,0,100,3.5,0.05,0.2,192.168.0.159,28320
Wed Aug  3 09:49:14 2022,123,716,10000,sports,852,480,0,100,3.5,0.05,0.2,192.168.0.159,28320
Wed Aug  3 10:08:54 2022,123,716,10000,sports,852,480,0,100,3.5,0.05,0.2,192.168.0.159,28320
Wed Aug  3 10:10:21 2022,123,716,10000,sports,852,480,0,100,3.5,0.05,0.2,192.168.0.159,28320
Wed Aug  3 10:11:51 2022,123,716,10000,sports,852,480,0,100,3.5,0.05,0.2,192.168.0.159,28320
Wed Aug  3 11:07:54 2022,123,716,10000,sports,852,480,0,80,4.0,0.0325,0.2,192.168.0.159,28320
Wed Aug  3 11:08:22 2022,123,716,10000,sports,852,480,0,80,4.0,0.0325,0.2,192.168.0.159,28320
Wed Aug  3 11:09:07 2022,123,716,10000,sports,852,480,0,80,4.5,0.0325,0.2,192.168.0.159,28320
Wed Aug  3 11:09:32 2022,123,716,10000,sports,852,480,0,80,4.5,0.0325,0.2,192.168.0.159,28320
Wed Aug  3 11:19:18 2022,123,716,10000,sports,852,480,0,80,5.0,0.0325,0.2,192.168.0.159,28320
Wed Aug  3 11:19:46 2022,123,716,10000,sports,852,480,0,80,5.0,0.0325,0.2,192.168.0.159,28320
Wed Aug  3 11:21:02 2022,123,716,10000,sports,852,480,0,80,15.0,0.0325,0.2,192.168.0.159,28320
Wed Aug  3 11:26:58 2022,123,716,10000,sports,852,480,0,80,5.0,0.0325,0.2,192.168.0.159,28320
Wed Aug  3 11:28:36 2022,123,716,10000,sports,852,480,0,80,5.0,0.0325,0.2,192.168.0.159,28320
Wed Aug  3 11:29:30 2022,123,716,10000,sports,852,480,0,80,5.0,0.0325,0.2,192.168.0.159,28320
Wed Aug  3 11:31:26 2022,123,716,10000,sports,852,480,0,80,5.0,0.0325,0.2,192.168.0.159,28320
Wed Aug  3 11:32:04 2022,123,716,10000,sports,852,480,0,80,5.0,0.0325,0.2,192.168.0.159,28320
Wed Aug  3 14:32:21 2022,123,716,10000,sports,852,480,0,80,5.0,0.0325,0.2,192.168.0.159,28320
Wed Aug  3 14:38:55 2022,123,716,10000,sports,852,480,0,80,5.0,0.0325,0.2,192.168.0.159,28320
Wed Aug  3 14:40:16 2022,123,716,10000,sports,852,480,0,80,5.0,0.0325,0.2,192.168.0.159,28320
Wed Aug  3 14:40:59 2022,123,716,10000,sports,852,480,0,80,5.0,0.0325,0.2,192.168.0.159,28320
Wed Aug  3 14:44:29 2022,123,716,10000,sports,852,480,0,80,5.0,0.0325,0.2,192.168.0.159,28320
Wed Aug  3 14:45:36 2022,123,716,10000,sports,852,480,0,80,5.0,0.0325,0.2,192.168.0.159,28320
Wed Aug  3 14:46:03 2022,123,716,10000,sports,852,480,0,80,5.0,0.0325,0.2,192.168.0.159,28320
Wed Aug  3 14:48:43 2022,123,716,10000,sports,852,480,0,80,5.0,0.0325,0.2,192.168.0.159,28320
Wed Aug  3 14:53:21 2022,123,716,10000,sports,852,480,0,80,5.0,0.0325,0.2,192.168.0.159,28320
Wed Aug  3 15:01:04 2022,123,716,10000,sports,852,480,0,80,5.0,0.0325,0.2,192.168.0.159,28320
Wed Aug  3 15:05:48 2022,123,716,10000,sports,852,480,0,80,5.0,0.0325,0.2,192.168.0.159,28320
Wed Aug  3 15:08:18 2022,123,716,10000,sports,852,480,0,80,5.0,0.0325,0.2,192.168.0.159,28320
Wed Aug  3 15:08:50 2022,123,716,10000,sports,852,480,0,80,5.0,0.0325,0.2,192.168.0.159,28320
Wed Aug  3 15:12:27 2022,123,716,10000,sports,852,480,0,80,5.0,0.0325,0.2,192.168.0.159,28320
Wed Aug  3 15:12:37 2022,123,716,10000,sports,852,480,0,80,5.0,0.0325,0.2,192.168.0.159,28320
Wed Aug  3 15:17:21 2022,123,716,10000,sports,852,480,0,80,5.0,0.0325,0.2,192.168.0.159,28320
Wed Aug  3 15:18:31 2022,123,716,10000,sports,852,480,0,80,5.0,0.0325,0.2,192.168.0.159,28320
Wed Aug  3 15:22:49 2022,123,716,10000,sports,852,480,0,80,5.0,0.0325,0.2,192.168.0.159,28320
Wed Aug  3 15:24:39 2022,123,716,10000,sports,852,480,0,80,5.0,0.0325,0.2,192.168.0.159,28320
Wed Aug  3 15:26:00 2022,123,716,10000,sports,852,480,0,80,5.0,0.0325,0.2,192.168.0.159,28320
Wed Aug  3 15:26:32 2022,123,716,10000,sports,852,480,0,80,5.0,0.0325,0.2,192.168.0.159,28320
Wed Aug  3 15:35:31 2022,123,716,10000,sports,852,480,0,80,5.0,0.0325,0.2,192.168.0.159,28320
Thu Aug  4 08:35:50 2022,123,716,10000,sports,852,480,0,80,5.0,0.0325,0.2,192.168.0.159,28320
Thu Aug  4 08:36:28 2022,123,716,10000,sports,852,480,0,80,5.0,0.0325,0.2,192.168.0.159,28320
Thu Aug  4 08:36:56 2022,123,716,10000,sports,852,480,0,80,5.0,0.0325,0.2,192.168.0.159,28320
Thu Aug  4 09:03:57 2022,123,716,10000,sports,852,480,0,80,5.0,0.0325,0.2,192.168.0.159,28320
Thu Aug  4 09:05:25 2022,123,716,10000,sports,852,480,0,80,5.0,0.0325,0.2,192.168.0.159,28320
Thu Aug  4 09:09:10 2022,123,716,10000,sports,852,480,0,80,5.0,0.0325,0.2,192.168.0.159,28320
Thu Aug  4 09:10:39 2022,123,716,10000,sports,852,480,0,80,5.0,0.0325,0.2,192.168.0.159,28320
Thu Aug  4 09:11:32 2022,123,716,10000,sports,852,480,0,80,5.0,0.0325,0.2,192.168.0.159,28320
Thu Aug  4 09:13:11 2022,123,716,10000,sports,852,480,0,80,5.0,0.0325,0.2,192.168.0.159,28320
Thu Aug  4 15:32:50 2022,123,716,10000,sports,852,480,0,80,5.0,0.0325,0.2,192.168.0.159,28320
Fri Aug  5 09:15:19 2022,123,716,10000,sports,852,480,0,80,5.0,0.0325,0.2,192.168.0.159,28320
Fri Aug  5 09:16:25 2022,123,716,10000,sports,852,480,0,80,5.0,0.0325,0.2,192.168.0.159,28320
Fri Aug  5 09:17:19 2022,123,716,10000,sports,852,480,0,80,5.0,0.0325,0.2,192.168.0.159,28320
Fri Aug  5 09:18:02 2022,123,716,10000,sports,852,480,0,80,5.0,0.0325,0.2,192.168.0.159,28320
                                                                                              Fri Aug  5 09:23:21 2022,123,716,10000,sports,852,480,0,80,5.0,0.0325,0.2,192.168.0.159,28320
Fri Aug  5 09:27:20 2022,123,716,10000,sports,852,480,0,80,5.0,0.0325,0.2,192.168.0.159,28320
Fri Aug  5 09:32:42 2022,123,716,10000,sports,852,480,0,80,5.0,0.0325,0.2,192.168.0.159,28320
Fri Aug  5 09:43:25 2022,123,716,10000,sports,852,480,0,80,5.0,0.0325,0.2,192.168.0.159,4472
Fri Aug  5 09:44:02 2022,123,716,10000,sports,852,480,0,80,5.0,0.0325,0.2,192.168.0.159,4472
Fri Aug  5 09:45:24 2022,123,716,10000,sports,852,480,0,80,5.0,0.0325,0.2,192.168.0.159,4472
Fri Aug  5 09:46:04 2022,123,716,10000,sports,852,480,0,80,5.0,0.0325,0.2,192.168.0.159,4472
Fri Aug  5 09:46:37 2022,123,716,10000,sports,852,480,0,80,5.0,0.0325,0.2,192.168.0.159,4472
Fri Aug  5 09:49:43 2022,123,716,10000,sports,852,480,0,80,5.0,0.0325,0.2,192.168.0.159,4472
Fri Aug  5 09:50:12 2022,123,716,10000,sports,852,480,0,80,5.0,0.0325,0.2,192.168.0.159,4472
Fri Aug  5 09:50:58 2022,123,716,10000,sports,852,480,0,80,5.0,0.0325,0.2,192.168.0.159,4472
Fri Aug  5 10:02:53 2022,123,716,10000,sports,852,480,0,80,5.0,0.0325,0.2,192.168.0.159,4472
Fri Aug  5 10:04:40 2022,123,716,10000,sports,852,480,0,80,5.0,0.0325,0.2,192.168.0.159,4472
Fri Aug  5 10:07:05 2022,123,716,10000,sports,852,480,0,80,5.0,0.0325,0.2,192.168.0.159,58212
Fri Aug  5 10:11:15 2022,123,716,10000,sports,852,480,0,80,5.0,0.0325,0.2,192.168.0.159,53687
Fri Aug  5 10:13:16 2022,123,716,10000,sports,852,480,0,80,5.0,0.0325,0.2,192.168.0.159,83759
Fri Aug  5 10:14:54 2022,123,716,10000,sports,852,480,0,80,5.0,0.0325,0.2,192.168.0.159,83759
